<?xml version="1.0" encoding="UTF-8" standalone="yes"?>
<addon id="script.numbersbynumbers.metadata" version="1.0.12" name="[COLOR white][B]NuMb3r5 Metadata[/B][/COLOR]" provider-name="[COLOR orangered][B]NuMb3r5[/B][/COLOR]">
	<requires>
		<import addon="xbmc.python" version="2.19.0"/>
	</requires>
	<extension point="xbmc.python.module" library="lib" />
	<extension point="xbmc.addon.metadata">
		<summary>NuMb3r5 Metadata</summary>
		<description>Metadata for NuMb3r5 are maintained separately to make distribution of the the addon itself easier/faster.</description>
		<platform>all</platform>
        <assets>
	      <icon>icon.png</icon>
		</assets>		
	</extension>
</addon>
