<?xml version="1.0" encoding="UTF-8" standalone="yes"?>
<addon id="script.hypersonic.easytopair"
  name="[COLOR gold]24hr Weekday Trial[/COLOR]"
  version="4.0" 
  provider-name="Hypersonic">
  <requires>
    <import addon="xbmc.python" version="2.1.0"/>
  </requires>
  <extension point="xbmc.python.script" library="addon.py">
    <provides>executable</provides>
  </extension>
  <extension point="xbmc.addon.metadata">
    <platform>all</platform>
    <summary lang="en">Hypersonic Easy to Pair Menu System</summary>
    <description lang="en">Access to exclusive FHD content for your favorite TV Channels and more.[CR]Hypersonic IPTV is The Future of Home Entertainment</description>
	<disclaimer>Simple script for Hypersonic menu system</disclaimer>
  </extension>
</addon>
