<?xml version="1.0" encoding="UTF-8" standalone="yes"?>
<addon id="plugin.video.numbersbynumbers" version="2.0.2.7" name="[COLOR white][B]NuMb3r5[/B][/COLOR]" provider-name="[COLOR lime][B]NuMb3r5[/B][/COLOR]">
	<requires>
		<import addon="xbmc.python" version="2.19.0" />
		<import addon="script.module.numbersbynumbers" />
		<import addon="script.numbersbynumbers.artwork" />
		<import addon="script.numbersbynumbers.metadata" />
		<import addon="script.numbers.jen" />
		<import addon="script.speedtestnet" />
		<import addon="script.module.unidecode" />
		<import addon="script.module.resolveurl" />
		<import addon="script.module.requests" />
		<import addon="script.module.metahandler" />
		<import addon="plugin.video.youtube" />
	</requires>
	<extension point="xbmc.python.pluginsource" library="numbersbynumbers.py">
		<provides>video</provides>
	</extension>
	<extension point="xbmc.service" library="service.py" start="startup" />
	<extension point="xbmc.addon.metadata">
		<summary lang="en">Movies/TV Shows/Music/Documentaries</summary>
		<description>Please remember that NuMb3r5 is not an official part of the Kodi media player you are running, and therefore is not to be mentioned within official support channels of Kodi, this addon has nothing to do with the media player itself, nor it’s intended use, it is simply a third party plugin which has been added to your system.</description>
		<disclaimer lang="en">The author does not host or distribute any of the content displayed by this addon. The author does not have any affiliation with the content provider. Updated and refactored by someone. Originally created by others.</disclaimer>
		<platform>all</platform>
		<license></license>
		<assets>
			<icon>icon.png</icon>
			<fanart>fanart.jpg</fanart>
			<screenshot>resources/media/screenshot-01.jpg</screenshot>
			<screenshot>resources/media/screenshot-02.jpg</screenshot>
			<screenshot>resources/media/screenshot-03.jpg</screenshot>
		</assets>
		<news>V2.0.2.7
- The author is not responsible for the use of this addon. The author is not responsible for the content found using this addon. The author does not host or own any content found within this addon.[CR]The author is in no way affiliated with Kodi, Team Kodi, or the XBMC Foundation.[CR]This is a Non-profit resource, organized solely for educational purposes which is protected under the Fair-Use doctrine of the Copyright Act, Specifically section 107, which does promote freedom of expression, by permitting the unlicensed use of copyright-protected works.</news>
		<reuselanguageinvoker>false</reuselanguageinvoker>
	</extension>
</addon>
