<?xml version="1.0" encoding="UTF-8" standalone="yes"?>
<addon id="plugin.program.cdtvwizleia" name="[COLOR forestgreen]C[/COLOR][COLOR gold]D[/COLOR][COLOR ghostwhite]T[/COLOR][COLOR mediumblue]V[/COLOR] [COLOR ghostwhite]WIZARD[/COLOR]" version="2.0" provider-name="[COLOR forestgreen][B]C[/COLOR][COLOR gold]D[/COLOR][COLOR ghostwhite]T[/COLOR][COLOR mediumblue]V[/B][/COLOR]">
    <requires>
        <import addon="xbmc.python" version="2.1.0" />
        <import addon="script.module.requests" />
        <import addon="script.module.six" />
    </requires>
    
    <extension point="xbmc.python.pluginsource" library="default.py">
        <provides>executable</provides>
    </extension>
    
    <extension point="xbmc.service" library="startup.py" start="startup" />
    
    <extension point="xbmc.addon.metadata">
        <summary lang="en">[COLOR lime]CellarDoorTV Wizard[/COLOR]</summary>
        <description lang="en">The official home of [COLOR forestgreen][B]C[/COLOR][COLOR gold]D[/COLOR][COLOR ghostwhite]T[/COLOR][COLOR mediumblue]V[/B][/COLOR] [COLOR ghostwhite]Wizard LEIA[/COLOR] with maintenance features, selective add-on data saving, and automated build installs.</description>
        <platform>all</platform>
        <reuselanguageinvoker>false</reuselanguageinvoker>
        <source></source>
        <news>
1.3.5
 - Add Fen
 - Add Shadow
 - Fix restoring saved data every boot
1.3.4
 - Fix bad indent
1.3.3
 - Fix Unicode characters in notification window
1.3.2
 - Fix build restore
1.3.1
 - Fix "Keep Login Info" menu        
1.3.0
 - Fix formatting of saved restore times
 - Fix local build zip being deleted on restore
 - Add YouTube API saving
 - Remove broken context menus
 - Fix repeating dialogs from shortcuts/favorites
 - Remove "Normal Install" option
 - Add "Logging Tools" menu
 - Add option to save guisettings.xml
 - Add TMDbHelper Fanart.tv saving
 - More fixes for OS X
 - Fix Seren Fanart.tv saving
1.2.9
 - Fix NuMb3r5 cache clearing
 - Fix hang during repo force check
 - Fix logins being restored every startup
 - Fix some file permission errors
 - Fix OS X backup errors
1.2.8
 - Add Gaia PM OAuth
 - Fix binary add-on restoration
 - Fix some issues with old settings
 - Fix timing on many startup tasks
1.2.7
 - Add TheMovieDb Helper
1.2.6
 - Fix Seren PM OAuth    
1.2.5
 - Fix typo in debridit.py
1.2.4
 - Cover more edge cases during binary detection
1.2.3
 - Fix notification ID bug
1.2.2
 - Add Seren PM OAuth
 - Add AllDebrid spport for Gaia, Seren, ResolveURL, and URLResolver
1.2.1
 - General bug fixes
1.2.0
 - Silence save data notifications on startup
 - Fix Addon Installer menu
 - Convert addons.txt to JSON format
1.1.1
 - Fix error on advancedsettings categories
1.1.0
 - Add back advancedsettings area under System Tweaks/Fixes
 - Rudimentary version of advancedsettings editor. Can currently only handle editing pre-existing tags under 'cache' and 'network'.
 - Convert advanced.txt to JSON format
 - Add "built-in" advancedsettings.xml presets
1.0.3
 - Update artwork
 - Fix rare issues with URLs not working
 - Fix repetitive build prompt (again)
 - Fix builds downloading twice
 - Fix title coloring on notifications
 - Fix auto repo install
 - Fix first run settings not being respected
1.0.2
 - Fix crash in login menu
 - Fix auto install repo
1.0.1
 - Fix double startup
 - Fix repetitive build prompt
 - Fix main menu not opening on Krypton
 - Fix notification timeout
 - Fix crash in Trakt menu
1.0.0
 - Initial Commit
        </news>
        <assets>
            <icon>icon.png</icon>
            <fanart>fanart.png</fanart>
        </assets>
    </extension>
</addon>
