<?xml version="1.0" encoding="UTF-8" standalone="yes"?>
<addon id="script.umpidy.artwork" version="999.999.999.1" name="Umpidy Artwork" provider-name="Grice Advice">
	<requires>
		<import addon="xbmc.python" version="2.19.0"/>
	</requires>
	<extension point="xbmc.python.module" library="lib" />
	<extension point="xbmc.addon.metadata">
		<summary>Themes for the Umpidy Addon</summary>
		<description>Themes for Umpidy are maintained separately to make distribution of the the addon itself easier/faster.</description>
		<platform>all</platform>
        <assets>
	      <icon>icon.png</icon>
		</assets>		
	</extension>
</addon>
