<?xml version="1.0" encoding="UTF-8" standalone="yes"?>
<addon id="script.kiddo.easytopair"
  name="[B][COLORdarkgoldenrod]Kid[/COLOR][COLORburlywood]do[/COLOR][/B] [COLOR ghostwhite]EASY TO PAIR[/COLOR]"
  version="1.0" 
  provider-name="CDTV Builds">
  <requires>
    <import addon="xbmc.python" version="2.1.0"/>
  </requires>
  <extension point="xbmc.python.script" library="addon.py">
    <provides>executable</provides>
  </extension>
  <extension point="xbmc.addon.metadata">
    <platform>all</platform>
    <summary lang="en">Kiddo Easy to Pair Menu System</summary>
    <description lang="en">Small Simple Script for Kiddo Menu System</description>
	<disclaimer>.</disclaimer>
  </extension>
</addon>
