<?xml version="1.0" encoding="UTF-8"?>
    <addon id="repository.cdrepo" name="[COLOR deepskyblue]CellarDoorTV [COLOR white]Repo[/COLOR]" version="6.1" provider-name="[COLOR forestgreen][B]C[/COLOR][COLOR gold]D[/COLOR][COLOR ghostwhite]T[/COLOR][COLOR mediumblue]V[/B][/COLOR] [COLOR ghostwhite]Builds[/COLOR]">
        <requires>
            <import addon="xbmc.addon" version="12.0.0"/>
        </requires>
        <extension point="xbmc.addon.repository" name="[COLOR forestgreen][B]C[/COLOR][COLOR gold]D[/COLOR][COLOR ghostwhite]T[/COLOR][COLOR mediumblue]V[/B][/COLOR] [COLOR ghostwhite]Repo">
            <dir>
				<info compressed="false">https://raw.githubusercontent.com/MrKoyu/repo/master/addons.xml</info>
				<checksum>https://raw.githubusercontent.com/MrKoyu/repo/master/addons.xml.md5</checksum>
				<datadir zip="true">https://raw.githubusercontent.com/MrKoyu/repo/master/zips</datadir>
            <hashes>false</hashes>
			</dir>
            <dir>
                <info compressed="false">https://raw.githubusercontent.com/frenchdj/repository.frenchdj/master/_repo/addons.xml</info>
                <checksum>https://raw.githubusercontent.com/frenchdj/repository.frenchdj/master/_repo/addons.xml.md5</checksum>
                <datadir zip="true">https://raw.githubusercontent.com/frenchdj/repository.frenchdj/master/_repo/</datadir>
            </dir>
            <dir>
                <info compressed="false">https://raw.githubusercontent.com/jsergio123/zips/master/addons.xml</info>
                <checksum>https://raw.githubusercontent.com/jsergio123/zips/master/addons.xml.md5</checksum>
                <datadir zip="true">https://raw.githubusercontent.com/jsergio123/zips/master/</datadir>
            </dir>
            <dir>
                <info compressed="false">https://raw.githubusercontent.com/totalrevolution/python-koding/master/zips/addons.xml</info>
                <checksum>https://raw.githubusercontent.com/totalrevolution/python-koding/master/zips/addons.xml.md5</checksum>
                <datadir zip="true">https://raw.githubusercontent.com/totalrevolution/python-koding/master/zips/</datadir>
            </dir>
			<dir>
                <info compressed="false">https://raw.githubusercontent.com/teamuniversal/scrapers/master/_modules4all/zips/addons.xml</info>
                <checksum>https://raw.githubusercontent.com/teamuniversal/scrapers/master/_modules4all/zips/addons.xml.md5</checksum>
                <datadir zip="true">https://raw.githubusercontent.com/teamuniversal/scrapers/master/_modules4all/zips/</datadir>
            </dir>
        </extension>
        <extension point="xbmc.addon.metadata">
		<summary lang="en">CellarDoorTV Repository</summary>
		<description lang="en">[COLOR gold]The Future Of Home Entertainment[/COLOR][CR]Kodi Repository for [COLOR steelblue]CellarDoorTV[/COLOR][CR][COLOR steelblue]CellarDoorTV[/COLOR] [COLOR white]Repo[/COLOR] allows you to install our CDTV Wizard and get access to the latest CDTV Custom Builds and more.</description>
		<platform>all</platform>
    <assets>
        <icon>icon.gif</icon>
        <fanart>fanart.jpg</fanart>      
    </assets>
	</extension>
</addon>
			