<?xml version="1.0" encoding="UTF-8" standalone="yes"?>
<addon id="script.hypersonic.easytopair"
  name="[COLOR steelblue]Hypersonic [COLOR white]IPTV2[/COLOR] [COLOR gold]FREE WEEKDAY TRIAL[/COLOR]"
  version="1.0" 
  provider-name="CDTV Builds">
  <requires>
    <import addon="xbmc.python" version="2.1.0"/>
  </requires>
  <extension point="xbmc.python.script" library="addon.py">
    <provides>executable</provides>
  </extension>
  <extension point="xbmc.addon.metadata">
    <platform>all</platform>
    <summary lang="en">Hypersonic Easy to Pair Menu System</summary>
    <description lang="en">Access to exclusive HD content for your favorite TV Channels and more. Hypersonic IPTV is The Future of Home Entertainment.</description>
	<disclaimer>Small Simple Script for CDTV Menu System</disclaimer>
  </extension>
</addon>
