<?xml version="1.0" encoding="UTF-8" standalone="yes"?>
<addon id="plugin.video.diamond.eim.metalliq" name="[B][COLOR white]I Installed[/COLOR] [COLOR lime]EIM and MetalliQ 2[/COLOR][/B]" version="999.999.996" provider-name="Community">
	<requires>
		<import addon="script.module.movietheaterbutter" />
		<import addon="script.movietheaterbutter.artwork" />
        <import addon="xbmc.python" version="2.19.0" />
	</requires>
	<extension point="xbmc.python.pluginsource">
	<provides>video</provides>
	</extension>
		<extension point="xbmc.addon.metadata">
		<summary lang="en">[COLOR lime]Installer to teach Diamomd not to overwrite addons in other repositories without permission[/COLOR]</summary>
		<description lang="en">Not a Video Add-On, it just fixes Diamomd's mistake for overwriting MetalliQ 4Qed with higher version. Do not support people such as Diamond Builds. You may remove this now, thank you.</description>
		<disclaimer>The owners and submitters to this repository do not host or distribute any of the content displayed by these addons nor do they have any affiliation with the content providers.</disclaimer>	
		<platform>all</platform>
		<forum>n/a</forum>
		<website>n/a</website>
	</extension>
</addon>
