<?xml version="1.0" encoding="UTF-8" standalone="yes"?>
<addon id="script.module.numbersbynumbers" name="NuMb3r5 Module" version="1.00.073" provider-name="Brackets">
	<requires>
		<import addon="xbmc.python" version="2.1.0" />
	</requires>
	<extension point="xbmc.python.module" library="lib" />
	<extension point="xbmc.addon.metadata">
		<platform>all</platform>
		<summary lang="en">NuMb3r5</summary>
		<assets>
	      <icon>icon.png</icon>
		</assets>
	<reuselanguageinvoker>false</reuselanguageinvoker>
	</extension>
</addon>
