<?xml version="1.0" encoding="UTF-8" standalone="yes"?>
<addon id="plugin.video.numbersbynumbers" version="2.0.3.0" name="[B][COLOR white]NuMb3r5[/COLOR][/B]" provider-name="[B][COLOR orangered]NuMb3r5[/COLOR][/B]">
	<requires>
		<import addon="xbmc.python" version="2.19.0" />
		<import addon="script.module.numbersbynumbers" />
		<import addon="script.numbersbynumbers.artwork" />
		<import addon="script.numbersbynumbers.metadata" />
		<import addon="script.numbers.jen" />
		<import addon="script.speedtestnet" />
		<import addon="script.module.pyqrcode" />
		<import addon="script.module.openscrapers" optional="true" />
		<import addon="script.module.unidecode" />
		<import addon="script.module.resolveurl" />
		<import addon="script.module.requests" />
		<import addon="script.module.metahandler" />
		<import addon="script.module.beautifulsoup4" />
		<import addon="plugin.video.youtube" />
	</requires>
	<extension point="xbmc.python.pluginsource" library="numbersbynumbers.py">
		<provides>video</provides>
	</extension>
	<extension point="xbmc.service" library="service.py" start="startup" />
	<extension point="xbmc.addon.metadata">
		<summary lang="en">[COLOR orangered]Movies/TV Shows/Music/Documentaries[/COLOR]</summary>
		<description>[COLOR orangered][B]|||[/B][/COLOR]NuMb3r5 add-on categories now require that you use your own YouTube API keys.[CR]For more information see the wiki: [COLOR lime]https://ytaddon.page.link/keys[/COLOR][CR][COLOR orangered][B]|||[/B][/COLOR]Make sure to enable InputStream Adaptive and then enable Use MPEG-DASH in YouTube add-on settings and set Video Quality to 1080p.[CR][COLOR orangered][B]|||[/B][/COLOR]Adult Password protected is only accessable through System => Settings => NuMbErS settings => Navigation:[CR]iPunheta Password is: [B][COLOR lime]PORN4ALL[/COLOR][/B]</description>
		<disclaimer lang="en">The author does not host or distribute any of the content displayed by this addon. The author does not have any affiliation with the content provider. Updated and refactored by someone. Originally created by others.</disclaimer>
		<platform>all</platform>
		<license></license>
		<assets>
			<icon>icon.png</icon>
			<fanart>fanart.jpg</fanart>
			<screenshot>resources/media/1.png</screenshot>
			<screenshot>resources/media/2.png</screenshot>
			<screenshot>resources/media/3.png</screenshot>
			<screenshot>resources/media/4.png</screenshot>
		</assets>
		<news>V2.0.3.0
- The author is not responsible for the use of this addon. The author is not responsible for the content found using this addon. The author does not host or own any content found within this addon.[CR]The author is in no way affiliated with Kodi, Team Kodi, or the XBMC Foundation.[CR]This is a Non-profit resource, organized solely for educational purposes which is protected under the Fair-Use doctrine of the Copyright Act, Specifically section 107, which does promote freedom of expression, by permitting the unlicensed use of copyright-protected works.[CR]Please remember that NuMb3r5 is not an official part of the Kodi media player you are running, and therefore is not to be mentioned within official support channels of Kodi, this addon has nothing to do with the media player itself, nor it’s intended use, it is simply a third party plugin which has been added to your system.</news>
		<reuselanguageinvoker>false</reuselanguageinvoker>
	</extension>
</addon>
